{
    "providers": [
        {
            "type": "bitmap",
            "file": "minecraft:ranks/adminbyrg.png",
            "ascent": 8,
            "height": 8,
            "chars": [""]
	    },
        {
            "type": "bitmap",
            "file": "minecraft:ranks/elinebyrg.png",
            "ascent": 8,
            "height": 8,
            "chars": [""]
	    },
        {
            "type": "bitmap",
            "file": "minecraft:ranks/explorerbyrg.png",
            "ascent": 8,
            "height": 8,
            "chars": [""]
	    },
        {
            "type": "bitmap",
            "file": "minecraft:ranks/helperbyrg.png",
            "ascent": 8,
            "height": 8,
            "chars": [""]
	    },
        {
            "type": "bitmap",
            "file": "minecraft:ranks/lelebyrg.png",
            "ascent": 8,
            "height": 8,
            "chars": [""]
	    },
        {
            "type": "bitmap",
            "file": "minecraft:ranks/masterbyrg.png",
            "ascent": 8,
            "height": 8,
            "chars": [""]
	    },
        {
            "type": "bitmap",
            "file": "minecraft:ranks/moderatorbyrg.png",
            "ascent": 8,
            "height": 8,
            "chars": [""]
	    },
        {
            "type": "bitmap",
            "file": "minecraft:ranks/playerbyrg.png",
            "ascent": 8,
            "height": 8,
            "chars": [""]
	    },
        {
            "type": "bitmap",
            "file": "minecraft:ranks/sentinelbyrg.png",
            "ascent": 8,
            "height": 8,
            "chars": [""]
	    },
        {
            "type": "bitmap",
            "file": "minecraft:ranks/eventsbyrg.png",
            "ascent": 8,
            "height": 8,
            "chars": [""]
	    },
        {
            "type": "bitmap",
            "file": "minecraft:ranks/noobbyrg.png",
            "ascent": 8,
            "height": 8,
            "chars": [""]
	    },
        {
            "type": "bitmap",
            "file": "minecraft:ranks/probyrg.png",
            "ascent": 8,
            "height": 8,
            "chars": [""]
	    },
        {
            "type": "bitmap",
            "file": "minecraft:ranks/tiktokbyrg.png",
            "ascent": 8,
            "height": 8,
            "chars": [""]
	    },
        {
            "type": "bitmap",
            "file": "minecraft:ranks/twitchbyrg.png",
            "ascent": 8,
            "height": 8,
            "chars": [""]
	    },
        {
            "type": "bitmap",
            "file": "minecraft:ranks/ogbyrg.png",
            "ascent": 8,
            "height": 8,
            "chars": [""]
	    }
    ]
}